loss,val_loss
0.26028791069984436,0.08827316761016846
0.08879925310611725,0.08804209530353546
0.0887485072016716,0.08810145407915115
0.0888020470738411,0.08807314187288284
0.08876854181289673,0.08808856457471848
0.0887698233127594,0.08810803294181824
0.0887487530708313,0.08805890381336212
0.08874593675136566,0.08807982504367828
0.08876094967126846,0.08805577456951141
0.08878142386674881,0.08807751536369324
